121;UVS;9231055555;uvs@mail.ru
203;Manag3;9232000003;sss3@mail.ru
203;Manag3;9232000003;sss3@mail.ru
203;Manag3;9232000003;sss3@mail.ru
203;Manag3;9232000003;sss3@mail.ru
203;Manag3;9232000003;sss3@mail.ru
203,Manag3,9232000003,sss3@mail.ru
203,Manag3,9232000003,sss3@mail.ru
203,Manag3,9232000003,sss3@mail.ru
203,Manag3,9232000003,sss3@mail.ru
203,Manag3,9232000003,sss3@mail.ru
203,Manag3,9232000003,sss3@mail.ru
203,Manag3,9232000003,sss3@mail.ru
203,Manag3,9232000003,sss3@mail.ru
203,Manag3,9232000003,sss3@mail.ru
203,Manag3,9232000003,sss3@mail.ru
203,Manag3,9232000003,sss3@mail.ru
203,Dev3,9232000003,sss3@mail.ru
203,Dev3,9232000003,sss3@mail.ru
203,Dev3,9232000003,sss3@mail.ru
203,Dev3,9232000003,sss3@mail.ru
203,Dev3,9232000003,sss3@mail.ru
203,Dev3,9232000003,sss3@mail.ru
203,Dev3,9232000003,sss3@mail.ru
203,Dev3,9232000003,sss3@mail.ru
203,Dev3,9232000003,sss3@mail.ru
203,Dev3,9232000003,sss3@mail.ru
203,Dev3,9232000003,sss3@mail.ru
203,Dev3,9232000003,sss3@mail.ru
203,Dev3,9232000003,sss3@mail.ru
203,Dev3,9232000003,sss3@mail.ru
203,Dev3,9232000003,sss3@mail.ru
203,Dev3,9232000003,sss3@mail.ru
203,Dev3,9232000003,sss3@mail.ru
203,Dev3,9232000003,sss3@mail.ru
203,Dev3,9232000003,sss3@mail.ru
203,Dev3,9232000003,sss3@mail.ru
203,Dev3,9232000003,sss3@mail.ru
203,Dev3,9232000003,sss3@mail.ru
203,Dev3,9232000003,sss3@mail.ru
203,Dev3,9232000003,sss3@mail.ru
203,Dev3,9232000003,sss3@mail.ru
203,Dev3,9232000003,sss3@mail.ru
203,Dev3,9232000003,sss3@mail.ru
203,Dev3,9232000003,sss3@mail.ru
203,Dev3,9232000003,sss3@mail.ru
203,Dev3,9232000003,sss3@mail.ru
203,Dev3,9232000003,sss3@mail.ru
203,Dev3,9232000003,sss3@mail.ru
203,Dev3,9232000003,sss3@mail.ru
203,Dev3,9232000003,sss3@mail.ru
203,Dev3,9232000003,sss3@mail.ru
203,Dev3,9232000003,sss3@mail.ru
203,Dev3,9232000003,sss3@mail.ru
203,Dev3,9232000003,sss3@mail.ru
203,Dev3,9232000003,sss3@mail.ru
203,Dev3,9232000003,sss3@mail.ru
203,Dev3,9232000003,sss3@mail.ru
203,Dev3,9232000003,sss3@mail.ru
203,Dev3,9232000003,sss3@mail.ru
203,Dev3,9232000003,sss3@mail.ru
203,Dev3,9232000003,sss3@mail.ru,Роутер  : 2000.0,Комп  : 20000.0
203,Dev3,9232000003,sss3@mail.ru,Роутер : 2000.0,Комп : 20000.0
203,Dev3,9232000003,sss3@mail.ru,Роутер : 2000.0,Комп : 20000.0
203,Dev3,9232000003,sss3@mail.ru,Роутер :2000.0,Комп :20000.0
203,Dev3,9232000003,sss3@mail.ru,Роутер:2000.0,Комп:20000.0
203,Dev3,9232000003,sss3@mail.ru,Роутер:2000.0,Комп:20000.0
203,Dev3,9232000003,sss3@mail.ru,Роутер:2000.0,Комп:20000.0
203,Dev3,9232000003,sss3@mail.ru,Роутер:2000.0,Комп:20000.0
203,Dev3,9232000003,sss3@mail.ru,Роутер:2000.0,Комп:20000.0
203,Dev3,9232000003,sss3@mail.ru,Роутер:2000.0,Комп:20000.0
203,Dev3,9232000003,sss3@mail.ru,Роутер:2000.0,Комп:20000.0
203,Dev3,9232000003,sss3@mail.ru,Роутер:2000.0,Комп:20000.0
203,Dev3,9232000003,sss3@mail.ru,Роутер:2000.0,Комп:20000.0
203,Dev3,9232000003,sss3@mail.ru,Роутер:2000.0,Комп:20000.0
203,Dev3,9232000003,sss3@mail.ru,Роутер:2000.0,Комп:20000.0
203,Dev3,9232000003,sss3@mail.ru,Роутер:2000.0,Комп:20000.0
203,Dev3,9232000003,sss3@mail.ru,Роутер:2000.0,Комп:20000.0
203,Dev3,9232000003,sss3@mail.ru,Роутер:2000.0,Комп:20000.0
203,Dev3,9232000003,sss3@mail.ru,Роутер:2000.0,Комп:20000.0
203,Dev3,9232000003,sss3@mail.ru,Роутер:2000.0,Комп:20000.0
203,Dev3,9232000003,sss3@mail.ru,Роутер:2000.0,Комп:20000.0
203,Dev3,9232000003,sss3@mail.ru,Роутер:2000.0,Комп:20000.0
203,Dev3,9232000003,sss3@mail.ru,Роутер:2000.0,Комп:20000.0
203,Dev3,9232000003,sss3@mail.ru,Роутер:2000.0,Комп:20000.0
203,Dev3,9232000003,sss3@mail.ru,Роутер:2000.0,Комп:20000.0
203,Dev3,9232000003,sss3@mail.ru,Роутер:2000.0,Комп:20000.0
203,Dev3,9232000003,sss3@mail.ru,Роутер:2000.0,Комп:20000.0
203,Dev3,9232000003,sss3@mail.ru,Роутер:2000.0,Комп:20000.0
203,Dev3,9232000003,sss3@mail.ru,Роутер:2000.0,Комп:20000.0
203,Dev3,9232000003,sss3@mail.ru,Роутер:2000.0,Комп:20000.0
203,Dev3,9232000003,sss3@mail.ru,Роутер:2000.0,Комп:20000.0
203,Dev3,9232000003,sss3@mail.ru,Роутер:2000.0,Комп:20000.0
203,Dev3,9232000003,sss3@mail.ru,Роутер:2000.0,Комп:20000.0
203,Dev3,9232000003,sss3@mail.ru,Роутер:2000.0,Комп:20000.0
203,Dev3,9232000003,sss3@mail.ru,Роутер:2000.0,Комп:20000.0
203,Dev3,9232000003,sss3@mail.ru,Роутер:2000.0,Комп:20000.0
203,Dev3,9232000003,sss3@mail.ru,Роутер:2000.0,Комп:20000.0
203,Dev3,9232000003,sss3@mail.ru,Роутер:2000.0,Комп:20000.0
203,Dev3,9232000003,sss3@mail.ru,Роутер:2000.0,Комп:20000.0
203,Dev3,9232000003,sss3@mail.ru,Роутер:2000.0,Комп:20000.0
203,Dev3,9232000003,sss3@mail.ru,Роутер:2000.0,Комп:20000.0
